Month,Year,"OIL COMPANIES","Quantity (000 Metric Tonnes)",last_updated
February,2023,CPCL-TOTAL,927.88,2023-08-19
February,2023,"NRL-NUMALIGARH, ASSAM",244.06,2023-08-19
March,2023,"IOCL-PANIPAT, HARYANA",1297.96,2023-08-19
March,2023,"IOCL-GUWAHATI,ASSAM",96.81,2023-08-19
March,2023,"IOCL-DIGBOI,ASSAM",59.40,2023-08-19
March,2023,BORL-BINA,735.71,2023-08-19
March,2023,"NRL-NUMALIGARH, ASSAM",205.02,2023-08-19
March,2023,"RIL,JAMNAGAR,GUJARAT",2822.16,2023-08-19
March,2023,"RIL TOTAL",5359.75,2023-08-19
March,2023,"GRAND TOTAL",23003.61,2023-08-19
April,2021,"IOCL-BARAUNI,BIHAR",471.00,2023-08-19
April,2021,"IOCL-HALDIA, WEST BENGAL",696.00,2023-08-19
April,2021,"BPCL-MUMBAI, MAHARASHTRA",1225.00,2023-08-19
April,2021,"BPCL-KOCHI, KERALA",1363.00,2023-08-19
April,2021,"MRPL-MANGALORE,KARNATAKA",1100.00,2023-08-19
April,2021,"HPCL-MUMBAI,MAHARASHTRA",41.00,2023-08-19
April,2021,"RIL TOTAL",5021.00,2023-08-19
May,2021,"IOCL-BARAUNI,BIHAR",533.00,2023-08-19
May,2021,"IOCL-KOYALI, GUJARAT",1042.00,2023-08-19
May,2021,"IOCL-BONGAIGAON,ASSAM",227.00,2023-08-19
May,2021,"IOCL-PARADIP,ODISHA",1045.00,2023-08-19
May,2021,BORL-BINA,519.00,2023-08-19
May,2021,"ONGC-TATIPAKA,ANDHRA PRADESH",7.00,2023-08-19
May,2021,"HMEL-GGSR, BATHINDA, PUNJAB",1102.00,2023-08-19
July,2022,BPCL-TOTAL,2699.54,2023-08-19
July,2022,"RIL TOTAL",5482.43,2023-08-19
July,2022,"NEL-VADINAR,GUJARAT",1734.80,2023-08-19
July,2022,"GRAND TOTAL",21423.24,2023-08-19
August,2022,"IOCL-MATHURA, UTTAR PRADESH",649.60,2023-08-19
August,2022,"IOCL-PARADIP,ODISHA",2.10,2023-08-19
August,2022,"IOCL TOTAL",4836.86,2023-08-19
August,2022,"BPCL-MUMBAI, MAHARASHTRA",1246.63,2023-08-19
August,2022,BORL-BINA,412.22,2023-08-19
August,2022,"HPCL-VISAKH,ANDHRA PRADESH",555.78,2023-08-19
September,2022,"IOCL-BARAUNI,BIHAR",544.50,2023-08-19
September,2022,"IOCL-GUWAHATI,ASSAM",86.65,2023-08-19
September,2022,"IOCL-PARADIP,ODISHA",274.67,2023-08-19
September,2022,CPCL-TOTAL,961.61,2023-08-19
September,2022,"BPCL-MUMBAI, MAHARASHTRA",1261.03,2023-08-19
September,2022,"NRL-NUMALIGARH, ASSAM",247.85,2023-08-19
September,2022,"HPCL-MUMBAI,MAHARASHTRA",786.46,2023-08-19
September,2022,"RIL,JAMNAGAR,GUJARAT",2784.11,2023-08-19
October,2022,"IOCL-PANIPAT, HARYANA",1184.84,2023-08-19
October,2022,"IOCL-GUWAHATI,ASSAM",93.19,2023-08-19
October,2022,"IOCL-DIGBOI,ASSAM",62.42,2023-08-19
October,2022,"HPCL-VISAKH,ANDHRA PRADESH",787.49,2023-08-19
October,2022,"RIL,JAMNAGAR,GUJARAT",2931.62,2023-08-19
October,2022,"RIL-(SEZ), JAMNAGAR,GUJARAT",1759.64,2023-08-19
April,2020,"IOCL TOTAL",3046.00,2023-08-19
April,2020,"BPCL-MUMBAI, MAHARASHTRA",768.00,2023-08-19
April,2020,"BPCL-KOCHI, KERALA",815.00,2023-08-19
April,2020,BORL-BINA,332.00,2023-08-19
April,2020,"ONGC TOTAL",673.00,2023-08-19
April,2020,"RIL TOTAL",5314.00,2023-08-19
May,2020,"IOCL-BARAUNI,BIHAR",337.00,2023-08-19
May,2020,"IOCL-MATHURA, UTTAR PRADESH",730.00,2023-08-19
May,2020,"IOCL-DIGBOI,ASSAM",56.00,2023-08-19
May,2020,"HPCL-MUMBAI,MAHARASHTRA",525.00,2023-08-19
May,2020,"GRAND TOTAL",16347.00,2023-08-19
June,2020,"IOCL-KOYALI, GUJARAT",1041.00,2023-08-19
June,2020,"IOCL-BONGAIGAON,ASSAM",193.00,2023-08-19
June,2020,"BPCL-KOCHI, KERALA",931.00,2023-08-19
June,2020,BPCL-TOTAL,2540.00,2023-08-19
June,2020,"HPCL-VISAKH,ANDHRA PRADESH",725.00,2023-08-19
June,2020,"RIL,JAMNAGAR,GUJARAT",2605.00,2023-08-19
June,2020,"RIL-(SEZ), JAMNAGAR,GUJARAT",2047.00,2023-08-19
June,2020,"RIL TOTAL",4652.00,2023-08-19
June,2020,"NEL-VADINAR,GUJARAT",1394.00,2023-08-19
June,2020,"GRAND TOTAL",17537.00,2023-08-19
July,2020,"IOCL-DIGBOI,ASSAM",51.00,2023-08-19
July,2020,BORL-BINA,411.00,2023-08-19
November,2022,"IOCL-BARAUNI,BIHAR",573.35,2023-08-19
November,2022,"IOCL-BONGAIGAON,ASSAM",244.09,2023-08-19
November,2022,"IOCL-PARADIP,ODISHA",1330.62,2023-08-19
November,2022,"IOCL TOTAL",5796.21,2023-08-19
November,2022,BORL-BINA,691.93,2023-08-19
November,2022,"ONGC-TATIPAKA,ANDHRA PRADESH",6.30,2023-08-19
November,2022,"ONGC TOTAL",1467.89,2023-08-19
November,2022,"HPCL-VISAKH,ANDHRA PRADESH",801.28,2023-08-19
November,2022,"RIL-(SEZ), JAMNAGAR,GUJARAT",2677.79,2023-08-19
December,2022,"IOCL-KOYALI, GUJARAT",1326.20,2023-08-19
December,2022,"IOCL-HALDIA, WEST BENGAL",731.49,2023-08-19
December,2022,"IOCL-DIGBOI,ASSAM",61.96,2023-08-19
December,2022,"BPCL-MUMBAI, MAHARASHTRA",1344.11,2023-08-19
December,2022,"ONGC TOTAL",1510.51,2023-08-19
January,2023,"HMEL-GGSR, BATHINDA, PUNJAB",1116.62,2023-08-19
February,2023,"IOCL-BARAUNI,BIHAR",542.97,2023-08-19
February,2023,"IOCL-KOYALI, GUJARAT",1212.84,2023-08-19
February,2023,"IOCL-HALDIA, WEST BENGAL",665.21,2023-08-19
February,2023,"IOCL-GUWAHATI,ASSAM",86.09,2023-08-19
February,2023,"IOCL-PARADIP,ODISHA",1191.96,2023-08-19
September,2021,"IOCL-PARADIP,ODISHA",838.00,2023-08-19
September,2021,CPCL-TOTAL,497.00,2023-08-19
September,2021,"NRL-NUMALIGARH, ASSAM",238.00,2023-08-19
September,2021,"MRPL-MANGALORE,KARNATAKA",988.00,2023-08-19
September,2021,"NEL-VADINAR,GUJARAT",1668.00,2023-08-19
September,2021,"GRAND TOTAL",18214.00,2023-08-19
October,2021,"IOCL-BARAUNI,BIHAR",427.00,2023-08-19
October,2021,"IOCL-HALDIA, WEST BENGAL",736.00,2023-08-19
October,2021,"IOCL TOTAL",5517.00,2023-08-19
October,2021,BPCL-TOTAL,3213.00,2023-08-19
October,2021,"ONGC-TATIPAKA,ANDHRA PRADESH",6.00,2023-08-19
October,2021,"MRPL-MANGALORE,KARNATAKA",1463.00,2023-08-19
October,2021,"RIL-(SEZ), JAMNAGAR,GUJARAT",2644.00,2023-08-19
November,2021,"IOCL-HALDIA, WEST BENGAL",708.00,2023-08-19
November,2021,"IOCL-DIGBOI,ASSAM",61.00,2023-08-19
November,2021,"IOCL-PARADIP,ODISHA",1120.00,2023-08-19
December,2021,"IOCL-HALDIA, WEST BENGAL",264.00,2023-08-19
December,2021,"IOCL-PANIPAT, HARYANA",1298.00,2023-08-19
December,2021,"BPCL-MUMBAI, MAHARASHTRA",1304.00,2023-08-19
December,2021,"BPCL-KOCHI, KERALA",1360.00,2023-08-19
April,2022,"IOCL-BARAUNI,BIHAR",550.61,2023-08-19
April,2022,"IOCL-DIGBOI,ASSAM",58.03,2023-08-19
April,2022,"BPCL-MUMBAI, MAHARASHTRA",1301.76,2023-08-19
April,2022,"HPCL-VISAKH,ANDHRA PRADESH",797.81,2023-08-19
April,2022,"RIL-(SEZ), JAMNAGAR,GUJARAT",2116.64,2023-08-19
April,2022,"RIL TOTAL",5150.91,2023-08-19
April,2022,"NEL-VADINAR,GUJARAT",1659.98,2023-08-19
May,2022,"IOCL-BARAUNI,BIHAR",584.47,2023-08-19
May,2022,"IOCL-KOYALI, GUJARAT",1358.94,2023-08-19
May,2022,"IOCL-HALDIA, WEST BENGAL",712.40,2023-08-19
May,2022,CPCL-TOTAL,1005.44,2023-08-19
May,2022,"HPCL-VISAKH,ANDHRA PRADESH",802.67,2023-08-19
May,2022,HPCL-TOTAL,2757.90,2023-08-19
June,2022,CPCL-TOTAL,972.61,2023-08-19
June,2022,"BPCL-KOCHI, KERALA",1363.85,2023-08-19
June,2022,BORL-BINA,649.82,2023-08-19
June,2022,"HPCL-MUMBAI,MAHARASHTRA",851.69,2023-08-19
June,2022,"HPCL-VISAKH,ANDHRA PRADESH",781.84,2023-08-19
June,2022,"RIL,JAMNAGAR,GUJARAT",2953.79,2023-08-19
July,2022,"IOCL-KOYALI, GUJARAT",1303.93,2023-08-19
July,2022,"IOCL TOTAL",6167.19,2023-08-19
May,2021,"GRAND TOTAL",18970.00,2023-08-19
June,2021,"IOCL-BARAUNI,BIHAR",442.00,2023-08-19
June,2021,"IOCL-MATHURA, UTTAR PRADESH",698.00,2023-08-19
June,2021,"IOCL TOTAL",5358.00,2023-08-19
June,2021,"HMEL-GGSR, BATHINDA, PUNJAB",1063.00,2023-08-19
June,2021,"RIL,JAMNAGAR,GUJARAT",2690.00,2023-08-19
June,2021,"NEL-VADINAR,GUJARAT",1650.00,2023-08-19
July,2021,"IOCL-PARADIP,ODISHA",1059.00,2023-08-19
July,2021,"BPCL-MUMBAI, MAHARASHTRA",1253.00,2023-08-19
July,2021,BPCL-TOTAL,2962.00,2023-08-19
July,2021,"GRAND TOTAL",19384.00,2023-08-19
August,2021,"IOCL-GUWAHATI,ASSAM",64.00,2023-08-19
August,2021,"IOCL-PARADIP,ODISHA",663.00,2023-08-19
August,2021,CPCL-TOTAL,629.00,2023-08-19
August,2021,BORL-BINA,598.00,2023-08-19
August,2021,BPCL-TOTAL,2971.00,2023-08-19
August,2021,"HPCL-MUMBAI,MAHARASHTRA",299.00,2023-08-19
August,2021,"GRAND TOTAL",18439.00,2023-08-19
September,2021,"IOCL-MATHURA, UTTAR PRADESH",723.00,2023-08-19
December,2021,"RIL TOTAL",5529.00,2023-08-19
January,2022,"IOCL-GUWAHATI,ASSAM",92.00,2023-08-19
January,2022,"MRPL-MANGALORE,KARNATAKA",1440.00,2023-08-19
January,2022,"RIL,JAMNAGAR,GUJARAT",3042.00,2023-08-19
February,2022,"IOCL-DIGBOI,ASSAM",50.00,2023-08-19
February,2022,"BPCL-KOCHI, KERALA",1394.00,2023-08-19
February,2022,BPCL-TOTAL,3225.00,2023-08-19
February,2022,"NRL-NUMALIGARH, ASSAM",234.00,2023-08-19
February,2022,"RIL TOTAL",4790.00,2023-08-19
February,2022,"NEL-VADINAR,GUJARAT",1563.00,2023-08-19
March,2022,"ONGC-TATIPAKA,ANDHRA PRADESH",6.00,2023-08-19
March,2022,"MRPL-MANGALORE,KARNATAKA",1504.00,2023-08-19
March,2022,"HPCL-VISAKH,ANDHRA PRADESH",825.00,2023-08-19
March,2022,"HMEL-GGSR, BATHINDA, PUNJAB",1092.00,2023-08-19
March,2022,"NEL-VADINAR,GUJARAT",1690.00,2023-08-19
July,2020,"RIL-(SEZ), JAMNAGAR,GUJARAT",1468.00,2023-08-19
July,2020,"GRAND TOTAL",17680.00,2023-08-19
August,2020,"IOCL-KOYALI, GUJARAT",834.00,2023-08-19
August,2020,"IOCL-PANIPAT, HARYANA",977.00,2023-08-19
August,2020,"IOCL-DIGBOI,ASSAM",56.00,2023-08-19
August,2020,"IOCL-BONGAIGAON,ASSAM",206.00,2023-08-19
August,2020,"ONGC TOTAL",913.00,2023-08-19
September,2020,"IOCL-KOYALI, GUJARAT",899.00,2023-08-19
September,2020,"IOCL-GUWAHATI,ASSAM",75.00,2023-08-19
September,2020,"IOCL-DIGBOI,ASSAM",46.00,2023-08-19
September,2020,"ONGC-TATIPAKA,ANDHRA PRADESH",7.00,2023-08-19
September,2020,"MRPL-MANGALORE,KARNATAKA",813.00,2023-08-19
September,2020,"HPCL-MUMBAI,MAHARASHTRA",670.00,2023-08-19
September,2020,HPCL-TOTAL,2414.00,2023-08-19
September,2020,"RIL,JAMNAGAR,GUJARAT",2779.00,2023-08-19
September,2020,"GRAND TOTAL",17707.00,2023-08-19
October,2020,"IOCL TOTAL",5662.00,2023-08-19
November,2020,"IOCL-MATHURA, UTTAR PRADESH",796.00,2023-08-19
November,2020,"NRL-NUMALIGARH, ASSAM",230.00,2023-08-19
November,2020,"MRPL-MANGALORE,KARNATAKA",1011.00,2023-08-19
November,2020,HPCL-TOTAL,2457.00,2023-08-19
November,2020,"RIL,JAMNAGAR,GUJARAT",2871.00,2023-08-19
November,2020,"RIL TOTAL",5482.00,2023-08-19
December,2020,"IOCL-PANIPAT, HARYANA",1359.00,2023-08-19
December,2020,"IOCL-BONGAIGAON,ASSAM",204.00,2023-08-19
December,2020,"BPCL-KOCHI, KERALA",1329.00,2023-08-19
December,2020,BORL-BINA,625.00,2023-08-19
December,2020,BPCL-TOTAL,3414.00,2023-08-19
December,2020,"HMEL-GGSR, BATHINDA, PUNJAB",1027.00,2023-08-19
December,2020,"RIL-(SEZ), JAMNAGAR,GUJARAT",2691.00,2023-08-19
January,2021,"ONGC TOTAL",1427.00,2023-08-19
January,2021,"HPCL-MUMBAI,MAHARASHTRA",639.00,2023-08-19
January,2021,"HPCL-VISAKH,ANDHRA PRADESH",800.00,2023-08-19
January,2021,"HMEL-GGSR, BATHINDA, PUNJAB",801.00,2023-08-19
January,2021,HPCL-TOTAL,2240.00,2023-08-19
February,2021,"IOCL-GUWAHATI,ASSAM",80.00,2023-08-19
February,2021,"IOCL-DIGBOI,ASSAM",22.00,2023-08-19
February,2021,"IOCL TOTAL",5387.00,2023-08-19
February,2021,CPCL-TOTAL,758.00,2023-08-19
February,2021,"BPCL-MUMBAI, MAHARASHTRA",1264.00,2023-08-19
February,2021,"ONGC TOTAL",1305.00,2023-08-19
February,2021,HPCL-TOTAL,1392.00,2023-08-19
March,2021,"IOCL-BARAUNI,BIHAR",569.00,2023-08-19
March,2021,"IOCL-DIGBOI,ASSAM",23.00,2023-08-19
March,2021,"BPCL-MUMBAI, MAHARASHTRA",1376.00,2023-08-19
March,2021,BORL-BINA,602.00,2023-08-19
March,2021,"ONGC TOTAL",1369.00,2023-08-19
March,2021,"RIL TOTAL",4890.00,2023-08-19
July,2022,"BPCL-KOCHI, KERALA",1423.65,2023-08-19
July,2022,HPCL-TOTAL,2669.81,2023-08-19
August,2022,"IOCL-KOYALI, GUJARAT",1277.89,2023-08-19
August,2022,"IOCL-HALDIA, WEST BENGAL",708.57,2023-08-19
August,2022,"IOCL-GUWAHATI,ASSAM",91.19,2023-08-19
August,2022,"IOCL-BONGAIGAON,ASSAM",248.88,2023-08-19
August,2022,"NRL-NUMALIGARH, ASSAM",264.33,2023-08-19
August,2022,"HMEL-GGSR, BATHINDA, PUNJAB",1019.70,2023-08-19
August,2022,HPCL-TOTAL,2342.38,2023-08-19
August,2022,"RIL TOTAL",5176.59,2023-08-19
September,2022,"IOCL-PANIPAT, HARYANA",1153.66,2023-08-19
September,2022,"BPCL-KOCHI, KERALA",1155.88,2023-08-19
September,2022,BORL-BINA,650.73,2023-08-19
September,2022,"ONGC-TATIPAKA,ANDHRA PRADESH",6.82,2023-08-19
September,2022,"HMEL-GGSR, BATHINDA, PUNJAB",932.59,2023-08-19
September,2022,"RIL-(SEZ), JAMNAGAR,GUJARAT",1838.73,2023-08-19
September,2022,"RIL TOTAL",4622.84,2023-08-19
October,2022,"IOCL-KOYALI, GUJARAT",1323.40,2023-08-19
October,2022,"IOCL TOTAL",6245.22,2023-08-19
October,2022,"ONGC-TATIPAKA,ANDHRA PRADESH",7.55,2023-08-19
October,2022,"MRPL-MANGALORE,KARNATAKA",1493.47,2023-08-19
October,2022,"HPCL-MUMBAI,MAHARASHTRA",761.39,2023-08-19
September,2021,"IOCL-BONGAIGAON,ASSAM",219.00,2023-08-19
October,2021,"IOCL-KOYALI, GUJARAT",939.00,2023-08-19
October,2021,"IOCL-PANIPAT, HARYANA",1315.00,2023-08-19
October,2021,"IOCL-BONGAIGAON,ASSAM",215.00,2023-08-19
October,2021,"IOCL-PARADIP,ODISHA",877.00,2023-08-19
October,2021,"BPCL-MUMBAI, MAHARASHTRA",1110.00,2023-08-19
October,2021,"ONGC TOTAL",1469.00,2023-08-19
October,2021,"RIL TOTAL",5754.00,2023-08-19
October,2021,"NEL-VADINAR,GUJARAT",1749.00,2023-08-19
November,2021,"IOCL-MATHURA, UTTAR PRADESH",852.00,2023-08-19
November,2021,"IOCL-PANIPAT, HARYANA",1340.00,2023-08-19
November,2021,"IOCL-BONGAIGAON,ASSAM",217.00,2023-08-19
November,2021,"BPCL-MUMBAI, MAHARASHTRA",1294.00,2023-08-19
November,2021,"BPCL-KOCHI, KERALA",1429.00,2023-08-19
November,2021,"ONGC-TATIPAKA,ANDHRA PRADESH",7.00,2023-08-19
November,2021,"HPCL-MUMBAI,MAHARASHTRA",545.00,2023-08-19
November,2021,"RIL TOTAL",5448.00,2023-08-19
December,2021,"IOCL-PARADIP,ODISHA",1330.00,2023-08-19
December,2021,"IOCL TOTAL",5905.00,2023-08-19
December,2021,"MRPL-MANGALORE,KARNATAKA",1434.00,2023-08-19
April,2022,"ONGC-TATIPAKA,ANDHRA PRADESH",6.05,2023-08-19
April,2022,"HMEL-GGSR, BATHINDA, PUNJAB",1039.86,2023-08-19
May,2022,"IOCL-DIGBOI,ASSAM",62.26,2023-08-19
May,2022,"IOCL-BONGAIGAON,ASSAM",182.52,2023-08-19
May,2022,"MRPL-MANGALORE,KARNATAKA",1415.20,2023-08-19
May,2022,"ONGC TOTAL",1421.98,2023-08-19
May,2022,"RIL,JAMNAGAR,GUJARAT",3123.94,2023-08-19
May,2022,"RIL-(SEZ), JAMNAGAR,GUJARAT",2547.25,2023-08-19
June,2022,"IOCL-MATHURA, UTTAR PRADESH",867.72,2023-08-19
June,2022,"BPCL-MUMBAI, MAHARASHTRA",881.71,2023-08-19
June,2022,"NRL-NUMALIGARH, ASSAM",240.56,2023-08-19
June,2022,"MRPL-MANGALORE,KARNATAKA",1428.97,2023-08-19
June,2022,"ONGC TOTAL",1435.69,2023-08-19
June,2022,"RIL TOTAL",5361.90,2023-08-19
July,2022,"IOCL-MATHURA, UTTAR PRADESH",714.64,2023-08-19
July,2022,"IOCL-GUWAHATI,ASSAM",93.18,2023-08-19
July,2022,CPCL-TOTAL,975.07,2023-08-19
July,2022,"BPCL-MUMBAI, MAHARASHTRA",689.36,2023-08-19
October,2022,"RIL TOTAL",4691.26,2023-08-19
November,2022,"IOCL-MATHURA, UTTAR PRADESH",836.84,2023-08-19
November,2022,BPCL-TOTAL,3289.21,2023-08-19
November,2022,"NRL-NUMALIGARH, ASSAM",247.00,2023-08-19
December,2022,"IOCL-GUWAHATI,ASSAM",73.44,2023-08-19
December,2022,BORL-BINA,712.61,2023-08-19
December,2022,"RIL,JAMNAGAR,GUJARAT",2840.86,2023-08-19
December,2022,"RIL-(SEZ), JAMNAGAR,GUJARAT",2467.05,2023-08-19
January,2023,"IOCL-BARAUNI,BIHAR",602.13,2023-08-19
January,2023,"IOCL TOTAL",6541.94,2023-08-19
January,2023,BORL-BINA,678.71,2023-08-19
January,2023,BPCL-TOTAL,3601.99,2023-08-19
January,2023,"MRPL-MANGALORE,KARNATAKA",1496.59,2023-08-19
January,2023,"RIL,JAMNAGAR,GUJARAT",2848.00,2023-08-19
January,2023,"RIL-(SEZ), JAMNAGAR,GUJARAT",2542.80,2023-08-19
February,2023,"IOCL-DIGBOI,ASSAM",57.15,2023-08-19
February,2023,"IOCL TOTAL",5938.40,2023-08-19
February,2023,"BPCL-MUMBAI, MAHARASHTRA",1293.12,2023-08-19
February,2023,"BPCL-KOCHI, KERALA",1406.51,2023-08-19
February,2023,"RIL TOTAL",4855.94,2023-08-19
February,2023,"NEL-VADINAR,GUJARAT",1568.22,2023-08-19
February,2023,"GRAND TOTAL",20847.79,2023-08-19
March,2023,"IOCL-MATHURA, UTTAR PRADESH",897.88,2023-08-19
March,2023,"IOCL-BONGAIGAON,ASSAM",257.73,2023-08-19
March,2023,"IOCL TOTAL",6696.37,2023-08-19
March,2023,CPCL-TOTAL,1033.64,2023-08-19
March,2023,"ONGC-TATIPAKA,ANDHRA PRADESH",4.94,2023-08-19
March,2023,"ONGC TOTAL",1507.19,2023-08-19
March,2023,"RIL-(SEZ), JAMNAGAR,GUJARAT",2537.59,2023-08-19
April,2021,"IOCL TOTAL",5980.00,2023-08-19
April,2021,"NRL-NUMALIGARH, ASSAM",221.00,2023-08-19
April,2021,"HMEL-GGSR, BATHINDA, PUNJAB",1059.00,2023-08-19
May,2021,"HPCL-MUMBAI,MAHARASHTRA",119.00,2023-08-19
May,2021,HPCL-TOTAL,1958.00,2023-08-19
May,2021,"RIL TOTAL",5515.00,2023-08-19
June,2021,"IOCL-KOYALI, GUJARAT",1072.00,2023-08-19
June,2021,"IOCL-PANIPAT, HARYANA",1213.00,2023-08-19
June,2021,"NRL-NUMALIGARH, ASSAM",193.00,2023-08-19
June,2021,"ONGC-TATIPAKA,ANDHRA PRADESH",6.00,2023-08-19
July,2021,"IOCL-DIGBOI,ASSAM",60.00,2023-08-19
July,2021,"BPCL-KOCHI, KERALA",1087.00,2023-08-19
July,2021,"HPCL-MUMBAI,MAHARASHTRA",319.00,2023-08-19
August,2021,"IOCL-KOYALI, GUJARAT",1090.00,2023-08-19
August,2021,"NRL-NUMALIGARH, ASSAM",212.00,2023-08-19
August,2021,"ONGC-TATIPAKA,ANDHRA PRADESH",7.00,2023-08-19
August,2021,"NEL-VADINAR,GUJARAT",1710.00,2023-08-19
December,2021,"HPCL-MUMBAI,MAHARASHTRA",674.00,2023-08-19
December,2021,"GRAND TOTAL",21483.00,2023-08-19
January,2022,"IOCL-MATHURA, UTTAR PRADESH",746.00,2023-08-19
January,2022,"BPCL-MUMBAI, MAHARASHTRA",1303.00,2023-08-19
January,2022,BORL-BINA,722.00,2023-08-19
January,2022,HPCL-TOTAL,2745.00,2023-08-19
January,2022,"NEL-VADINAR,GUJARAT",1733.00,2023-08-19
February,2022,"IOCL-MATHURA, UTTAR PRADESH",781.00,2023-08-19
February,2022,"IOCL-PANIPAT, HARYANA",1122.00,2023-08-19
February,2022,"ONGC TOTAL",1399.00,2023-08-19
March,2022,"IOCL-MATHURA, UTTAR PRADESH",884.00,2023-08-19
March,2022,"IOCL-PANIPAT, HARYANA",1285.00,2023-08-19
March,2022,"IOCL-PARADIP,ODISHA",1383.00,2023-08-19
March,2022,"BPCL-MUMBAI, MAHARASHTRA",1268.00,2023-08-19
March,2022,"GRAND TOTAL",22337.00,2023-08-19
April,2020,"IOCL-KOYALI, GUJARAT",578.00,2023-08-19
April,2020,"IOCL-PARADIP,ODISHA",725.00,2023-08-19
May,2020,"IOCL-KOYALI, GUJARAT",769.00,2023-08-19
May,2020,"IOCL-PANIPAT, HARYANA",919.00,2023-08-19
May,2020,"IOCL-BONGAIGAON,ASSAM",196.00,2023-08-19
May,2020,"IOCL TOTAL",4311.00,2023-08-19
May,2020,"BPCL-MUMBAI, MAHARASHTRA",907.00,2023-08-19
May,2020,"ONGC-TATIPAKA,ANDHRA PRADESH",6.00,2023-08-19
May,2020,"ONGC TOTAL",572.00,2023-08-19
May,2020,"HMEL-GGSR, BATHINDA, PUNJAB",653.00,2023-08-19
May,2020,"RIL,JAMNAGAR,GUJARAT",2762.00,2023-08-19
May,2020,"RIL TOTAL",5312.00,2023-08-19
May,2020,"NEL-VADINAR,GUJARAT",1561.00,2023-08-19
June,2020,"IOCL-HALDIA, WEST BENGAL",533.00,2023-08-19
June,2020,"IOCL-MATHURA, UTTAR PRADESH",769.00,2023-08-19
June,2020,"NRL-NUMALIGARH, ASSAM",250.00,2023-08-19
July,2020,"IOCL-MATHURA, UTTAR PRADESH",754.00,2023-08-19
July,2020,"IOCL TOTAL",5363.00,2023-08-19
July,2020,"NRL-NUMALIGARH, ASSAM",219.00,2023-08-19
July,2020,BPCL-TOTAL,2571.00,2023-08-19
August,2020,"IOCL TOTAL",3950.00,2023-08-19
August,2020,"BPCL-MUMBAI, MAHARASHTRA",828.00,2023-08-19
August,2020,BPCL-TOTAL,2440.00,2023-08-19
August,2020,"ONGC-TATIPAKA,ANDHRA PRADESH",7.00,2023-08-19
August,2020,"HPCL-MUMBAI,MAHARASHTRA",658.00,2023-08-19
August,2020,"HMEL-GGSR, BATHINDA, PUNJAB",1047.00,2023-08-19
August,2020,HPCL-TOTAL,2357.00,2023-08-19
August,2020,"RIL TOTAL",4390.00,2023-08-19
August,2020,"GRAND TOTAL",16150.00,2023-08-19
September,2020,"IOCL-BONGAIGAON,ASSAM",189.00,2023-08-19
September,2020,"BPCL-KOCHI, KERALA",980.00,2023-08-19
September,2020,BPCL-TOTAL,2577.00,2023-08-19
September,2020,"ONGC TOTAL",820.00,2023-08-19
October,2020,"IOCL-KOYALI, GUJARAT",1049.00,2023-08-19
October,2020,"IOCL-HALDIA, WEST BENGAL",585.00,2023-08-19
October,2020,"IOCL-BONGAIGAON,ASSAM",222.00,2023-08-19
October,2020,"IOCL-PARADIP,ODISHA",1279.00,2023-08-19
October,2020,CPCL-TOTAL,725.00,2023-08-19
October,2020,BORL-BINA,561.00,2023-08-19
October,2020,"NRL-NUMALIGARH, ASSAM",232.00,2023-08-19
October,2020,"HMEL-GGSR, BATHINDA, PUNJAB",1038.00,2023-08-19
October,2020,"RIL-(SEZ), JAMNAGAR,GUJARAT",2441.00,2023-08-19
October,2020,"NEL-VADINAR,GUJARAT",563.00,2023-08-19
October,2020,"GRAND TOTAL",18389.00,2023-08-19
November,2020,"IOCL-BARAUNI,BIHAR",579.00,2023-08-19
November,2020,"IOCL-PARADIP,ODISHA",1325.00,2023-08-19
November,2020,"BPCL-MUMBAI, MAHARASHTRA",1247.00,2023-08-19
November,2020,"ONGC TOTAL",1018.00,2023-08-19
December,2020,CPCL-TOTAL,766.00,2023-08-19
December,2020,"NRL-NUMALIGARH, ASSAM",260.00,2023-08-19
December,2020,"ONGC TOTAL",1314.00,2023-08-19
December,2020,"RIL,JAMNAGAR,GUJARAT",2996.00,2023-08-19
December,2020,"RIL TOTAL",5688.00,2023-08-19
December,2020,"GRAND TOTAL",21024.00,2023-08-19
January,2021,"IOCL-BARAUNI,BIHAR",589.00,2023-08-19
January,2021,"IOCL-PARADIP,ODISHA",1206.00,2023-08-19
January,2021,"BPCL-MUMBAI, MAHARASHTRA",1320.00,2023-08-19
January,2021,"BPCL-KOCHI, KERALA",1573.00,2023-08-19
January,2021,BPCL-TOTAL,3837.00,2023-08-19
January,2021,"ONGC-TATIPAKA,ANDHRA PRADESH",8.00,2023-08-19
January,2021,"RIL,JAMNAGAR,GUJARAT",2916.00,2023-08-19
February,2021,"IOCL-KOYALI, GUJARAT",912.00,2023-08-19
February,2021,"IOCL-HALDIA, WEST BENGAL",657.00,2023-08-19
February,2021,"NRL-NUMALIGARH, ASSAM",227.00,2023-08-19
February,2021,"HPCL-VISAKH,ANDHRA PRADESH",737.00,2023-08-19
February,2021,"HMEL-GGSR, BATHINDA, PUNJAB",13.00,2023-08-19
February,2021,"GRAND TOTAL",18617.00,2023-08-19
March,2021,"IOCL-KOYALI, GUJARAT",944.00,2023-08-19
March,2021,"IOCL-PANIPAT, HARYANA",1192.00,2023-08-19
March,2021,"IOCL-BONGAIGAON,ASSAM",230.00,2023-08-19
March,2021,"BPCL-KOCHI, KERALA",1383.00,2023-08-19
March,2021,"NRL-NUMALIGARH, ASSAM",241.00,2023-08-19
March,2021,BPCL-TOTAL,3603.00,2023-08-19
March,2021,"ONGC-TATIPAKA,ANDHRA PRADESH",8.00,2023-08-19
March,2021,"RIL,JAMNAGAR,GUJARAT",2839.00,2023-08-19
March,2021,"RIL-(SEZ), JAMNAGAR,GUJARAT",2051.00,2023-08-19
April,2022,"IOCL-PANIPAT, HARYANA",1172.27,2023-08-19
April,2022,"MRPL-MANGALORE,KARNATAKA",1480.97,2023-08-19
April,2022,HPCL-TOTAL,2569.16,2023-08-19
May,2022,"IOCL TOTAL",6422.41,2023-08-19
May,2022,"BPCL-MUMBAI, MAHARASHTRA",1256.55,2023-08-19
May,2022,"BPCL-KOCHI, KERALA",1431.85,2023-08-19
May,2022,"HMEL-GGSR, BATHINDA, PUNJAB",1111.19,2023-08-19
May,2022,"RIL TOTAL",5671.18,2023-08-19
May,2022,"NEL-VADINAR,GUJARAT",1725.51,2023-08-19
May,2022,"GRAND TOTAL",22643.90,2023-08-19
June,2022,"IOCL-KOYALI, GUJARAT",1314.78,2023-08-19
June,2022,"IOCL-PANIPAT, HARYANA",1253.85,2023-08-19
June,2022,"IOCL-GUWAHATI,ASSAM",92.08,2023-08-19
June,2022,"IOCL-BONGAIGAON,ASSAM",185.65,2023-08-19
June,2022,"IOCL-PARADIP,ODISHA",1263.58,2023-08-19
June,2022,"IOCL TOTAL",6276.80,2023-08-19
June,2022,BPCL-TOTAL,2895.38,2023-08-19
June,2022,HPCL-TOTAL,2712.01,2023-08-19
June,2022,"NEL-VADINAR,GUJARAT",1679.61,2023-08-19
July,2022,"IOCL-HALDIA, WEST BENGAL",722.08,2023-08-19
July,2022,"IOCL-PARADIP,ODISHA",1346.24,2023-08-19
February,2023,BPCL-TOTAL,3356.68,2023-08-19
February,2023,"ONGC-TATIPAKA,ANDHRA PRADESH",6.12,2023-08-19
February,2023,"MRPL-MANGALORE,KARNATAKA",1392.99,2023-08-19
February,2023,"HPCL-VISAKH,ANDHRA PRADESH",745.84,2023-08-19
February,2023,HPCL-TOTAL,2557.50,2023-08-19
February,2023,"RIL-(SEZ), JAMNAGAR,GUJARAT",2280.04,2023-08-19
March,2023,"IOCL-BARAUNI,BIHAR",579.97,2023-08-19
March,2023,"IOCL-HALDIA, WEST BENGAL",742.52,2023-08-19
March,2023,"BPCL-KOCHI, KERALA",1542.02,2023-08-19
March,2023,"MRPL-MANGALORE,KARNATAKA",1502.25,2023-08-19
March,2023,"HPCL-MUMBAI,MAHARASHTRA",873.83,2023-08-19
March,2023,HPCL-TOTAL,2858.24,2023-08-19
April,2021,"IOCL-MATHURA, UTTAR PRADESH",819.00,2023-08-19
April,2021,"IOCL-PANIPAT, HARYANA",1322.00,2023-08-19
April,2021,"IOCL-GUWAHATI,ASSAM",62.00,2023-08-19
April,2021,"IOCL-PARADIP,ODISHA",1332.00,2023-08-19
April,2021,CPCL-TOTAL,760.00,2023-08-19
April,2021,BPCL-TOTAL,3236.00,2023-08-19
April,2021,"ONGC TOTAL",1107.00,2023-08-19
April,2021,"HPCL-VISAKH,ANDHRA PRADESH",826.00,2023-08-19
April,2021,HPCL-TOTAL,1926.00,2023-08-19
April,2021,"RIL,JAMNAGAR,GUJARAT",2773.00,2023-08-19
April,2021,"RIL-(SEZ), JAMNAGAR,GUJARAT",2248.00,2023-08-19
April,2021,"NEL-VADINAR,GUJARAT",1633.00,2023-08-19
April,2021,"GRAND TOTAL",19885.00,2023-08-19
May,2021,"IOCL-PANIPAT, HARYANA",1156.00,2023-08-19
May,2021,"IOCL-GUWAHATI,ASSAM",,2023-08-19
May,2021,"IOCL-DIGBOI,ASSAM",61.00,2023-08-19
May,2021,"IOCL TOTAL",5380.00,2023-08-19
January,2022,"IOCL-KOYALI, GUJARAT",1273.00,2023-08-19
January,2022,"IOCL-PANIPAT, HARYANA",1221.00,2023-08-19
January,2022,"IOCL-DIGBOI,ASSAM",59.00,2023-08-19
January,2022,"IOCL-PARADIP,ODISHA",1325.00,2023-08-19
January,2022,"BPCL-KOCHI, KERALA",1450.00,2023-08-19
January,2022,"HPCL-MUMBAI,MAHARASHTRA",852.00,2023-08-19
January,2022,"RIL TOTAL",5277.00,2023-08-19
February,2022,"IOCL-BARAUNI,BIHAR",529.00,2023-08-19
February,2022,"IOCL-HALDIA, WEST BENGAL",630.00,2023-08-19
February,2022,"IOCL-BONGAIGAON,ASSAM",181.00,2023-08-19
February,2022,CPCL-TOTAL,928.00,2023-08-19
February,2022,"BPCL-MUMBAI, MAHARASHTRA",1236.00,2023-08-19
February,2022,"ONGC-TATIPAKA,ANDHRA PRADESH",6.00,2023-08-19
February,2022,"MRPL-MANGALORE,KARNATAKA",1392.00,2023-08-19
February,2022,"HPCL-MUMBAI,MAHARASHTRA",748.00,2023-08-19
February,2022,"HPCL-VISAKH,ANDHRA PRADESH",761.00,2023-08-19
February,2022,"RIL,JAMNAGAR,GUJARAT",2777.00,2023-08-19
February,2022,"RIL-(SEZ), JAMNAGAR,GUJARAT",2013.00,2023-08-19
March,2022,"IOCL-KOYALI, GUJARAT",1338.00,2023-08-19
March,2022,"IOCL-HALDIA, WEST BENGAL",747.00,2023-08-19
March,2022,"IOCL-GUWAHATI,ASSAM",93.00,2023-08-19
March,2022,CPCL-TOTAL,1062.00,2023-08-19
March,2022,BORL-BINA,704.00,2023-08-19
March,2022,"NRL-NUMALIGARH, ASSAM",188.00,2023-08-19
March,2022,"ONGC TOTAL",1510.00,2023-08-19
March,2022,"RIL,JAMNAGAR,GUJARAT",3056.00,2023-08-19
March,2022,"RIL TOTAL",5129.00,2023-08-19
April,2020,"IOCL-HALDIA, WEST BENGAL",305.00,2023-08-19
May,2021,"RIL-(SEZ), JAMNAGAR,GUJARAT",2678.00,2023-08-19
June,2021,"IOCL-HALDIA, WEST BENGAL",606.00,2023-08-19
June,2021,"IOCL-GUWAHATI,ASSAM",,2023-08-19
June,2021,BORL-BINA,425.00,2023-08-19
June,2021,"MRPL-MANGALORE,KARNATAKA",1010.00,2023-08-19
June,2021,"RIL TOTAL",5219.00,2023-08-19
June,2021,"GRAND TOTAL",18400.00,2023-08-19
July,2021,"IOCL-BARAUNI,BIHAR",569.00,2023-08-19
July,2021,"IOCL-MATHURA, UTTAR PRADESH",665.00,2023-08-19
July,2021,"IOCL-GUWAHATI,ASSAM",,2023-08-19
July,2021,"IOCL-BONGAIGAON,ASSAM",226.00,2023-08-19
July,2021,"IOCL TOTAL",5668.00,2023-08-19
July,2021,CPCL-TOTAL,819.00,2023-08-19
July,2021,"NRL-NUMALIGARH, ASSAM",227.00,2023-08-19
July,2021,"ONGC-TATIPAKA,ANDHRA PRADESH",3.00,2023-08-19
July,2021,"MRPL-MANGALORE,KARNATAKA",1105.00,2023-08-19
July,2021,HPCL-TOTAL,1898.00,2023-08-19
August,2021,"IOCL TOTAL",4904.00,2023-08-19
August,2021,"BPCL-MUMBAI, MAHARASHTRA",1286.00,2023-08-19
August,2021,"HPCL-VISAKH,ANDHRA PRADESH",479.00,2023-08-19
August,2021,"RIL TOTAL",5110.00,2023-08-19
September,2021,"IOCL-HALDIA, WEST BENGAL",642.00,2023-08-19
September,2021,"IOCL-DIGBOI,ASSAM",60.00,2023-08-19
October,2022,"GRAND TOTAL",20413.63,2023-08-19
November,2022,"IOCL-GUWAHATI,ASSAM",89.34,2023-08-19
November,2022,"HPCL-MUMBAI,MAHARASHTRA",820.12,2023-08-19
November,2022,HPCL-TOTAL,2599.45,2023-08-19
November,2022,"RIL TOTAL",5233.71,2023-08-19
December,2022,"IOCL-PARADIP,ODISHA",1416.58,2023-08-19
December,2022,"IOCL TOTAL",6161.15,2023-08-19
December,2022,CPCL-TOTAL,960.42,2023-08-19
December,2022,"BPCL-KOCHI, KERALA",1506.63,2023-08-19
December,2022,BPCL-TOTAL,3563.35,2023-08-19
December,2022,"MRPL-MANGALORE,KARNATAKA",1504.05,2023-08-19
December,2022,"HPCL-VISAKH,ANDHRA PRADESH",818.38,2023-08-19
December,2022,HPCL-TOTAL,2785.38,2023-08-19
December,2022,"NEL-VADINAR,GUJARAT",1712.08,2023-08-19
January,2023,"IOCL-HALDIA, WEST BENGAL",704.67,2023-08-19
January,2023,"IOCL-PANIPAT, HARYANA",1334.66,2023-08-19
January,2023,"IOCL-GUWAHATI,ASSAM",94.01,2023-08-19
January,2023,"IOCL-PARADIP,ODISHA",1425.16,2023-08-19
January,2023,"ONGC TOTAL",1503.17,2023-08-19
January,2023,"HPCL-MUMBAI,MAHARASHTRA",837.69,2023-08-19
January,2023,"RIL TOTAL",5390.80,2023-08-19
January,2023,"NEL-VADINAR,GUJARAT",1719.37,2023-08-19
January,2023,"GRAND TOTAL",22809.58,2023-08-19
February,2023,"IOCL-MATHURA, UTTAR PRADESH",740.61,2023-08-19
February,2023,"IOCL-BONGAIGAON,ASSAM",233.22,2023-08-19
November,2020,"IOCL-KOYALI, GUJARAT",1124.00,2023-08-19
November,2020,"IOCL-PANIPAT, HARYANA",1359.00,2023-08-19
November,2020,"IOCL TOTAL",6210.00,2023-08-19
November,2020,CPCL-TOTAL,729.00,2023-08-19
November,2020,BORL-BINA,594.00,2023-08-19
November,2020,"HMEL-GGSR, BATHINDA, PUNJAB",1038.00,2023-08-19
December,2020,"IOCL-DIGBOI,ASSAM",58.00,2023-08-19
December,2020,"IOCL TOTAL",5988.00,2023-08-19
December,2020,HPCL-TOTAL,2311.00,2023-08-19
January,2021,"IOCL-MATHURA, UTTAR PRADESH",893.00,2023-08-19
January,2021,"IOCL-PANIPAT, HARYANA",1321.00,2023-08-19
January,2021,"MRPL-MANGALORE,KARNATAKA",1420.00,2023-08-19
January,2021,"NEL-VADINAR,GUJARAT",1545.00,2023-08-19
January,2021,"GRAND TOTAL",21809.00,2023-08-19
February,2021,"IOCL-BARAUNI,BIHAR",518.00,2023-08-19
February,2021,"IOCL-MATHURA, UTTAR PRADESH",790.00,2023-08-19
April,2020,"IOCL-GUWAHATI,ASSAM",,2023-08-19
April,2020,CPCL-TOTAL,308.00,2023-08-19
April,2020,"ONGC-TATIPAKA,ANDHRA PRADESH",2.00,2023-08-19
April,2020,"RIL-(SEZ), JAMNAGAR,GUJARAT",2523.00,2023-08-19
May,2020,"IOCL-PARADIP,ODISHA",959.00,2023-08-19
May,2020,"BPCL-KOCHI, KERALA",676.00,2023-08-19
May,2020,"NRL-NUMALIGARH, ASSAM",206.00,2023-08-19
May,2020,BPCL-TOTAL,2229.00,2023-08-19
May,2020,HPCL-TOTAL,1920.00,2023-08-19
May,2020,"RIL-(SEZ), JAMNAGAR,GUJARAT",2550.00,2023-08-19
June,2020,"IOCL-GUWAHATI,ASSAM",64.00,2023-08-19
June,2020,"IOCL-PARADIP,ODISHA",1227.00,2023-08-19
June,2020,"BPCL-MUMBAI, MAHARASHTRA",972.00,2023-08-19
June,2020,HPCL-TOTAL,2164.00,2023-08-19
July,2020,"IOCL-PANIPAT, HARYANA",1115.00,2023-08-19
September,2021,"BPCL-MUMBAI, MAHARASHTRA",957.00,2023-08-19
September,2021,BORL-BINA,579.00,2023-08-19
September,2021,"HMEL-GGSR, BATHINDA, PUNJAB",1079.00,2023-08-19
October,2021,"IOCL-DIGBOI,ASSAM",61.00,2023-08-19
October,2021,CPCL-TOTAL,500.00,2023-08-19
October,2021,BORL-BINA,658.00,2023-08-19
October,2021,"HPCL-MUMBAI,MAHARASHTRA",535.00,2023-08-19
November,2021,"IOCL TOTAL",5982.00,2023-08-19
November,2021,"MRPL-MANGALORE,KARNATAKA",1468.00,2023-08-19
November,2021,"HPCL-VISAKH,ANDHRA PRADESH",819.00,2023-08-19
December,2021,"IOCL-BARAUNI,BIHAR",602.00,2023-08-19
December,2021,BORL-BINA,657.00,2023-08-19
December,2021,BPCL-TOTAL,3321.00,2023-08-19
July,2022,"MRPL-MANGALORE,KARNATAKA",1428.36,2023-08-19
August,2022,"IOCL-DIGBOI,ASSAM",61.16,2023-08-19
August,2022,CPCL-TOTAL,940.43,2023-08-19
August,2022,"GRAND TOTAL",19533.70,2023-08-19
September,2022,"IOCL TOTAL",5088.28,2023-08-19
September,2022,"MRPL-MANGALORE,KARNATAKA",1329.62,2023-08-19
October,2022,"IOCL-BARAUNI,BIHAR",568.94,2023-08-19
October,2022,"IOCL-HALDIA, WEST BENGAL",724.58,2023-08-19
October,2022,CPCL-TOTAL,723.13,2023-08-19
October,2022,"BPCL-KOCHI, KERALA",581.02,2023-08-19
October,2022,BORL-BINA,705.16,2023-08-19
October,2022,"ONGC TOTAL",1501.02,2023-08-19
October,2022,"HMEL-GGSR, BATHINDA, PUNJAB",1114.49,2023-08-19
October,2022,HPCL-TOTAL,2663.38,2023-08-19
July,2020,"RIL TOTAL",4299.00,2023-08-19
July,2020,"NEL-VADINAR,GUJARAT",1560.00,2023-08-19
August,2020,CPCL-TOTAL,562.00,2023-08-19
August,2020,"NRL-NUMALIGARH, ASSAM",226.00,2023-08-19
August,2020,"HPCL-VISAKH,ANDHRA PRADESH",651.00,2023-08-19
August,2020,"RIL,JAMNAGAR,GUJARAT",3021.00,2023-08-19
September,2020,"IOCL-MATHURA, UTTAR PRADESH",615.00,2023-08-19
September,2020,CPCL-TOTAL,770.00,2023-08-19
September,2020,"RIL-(SEZ), JAMNAGAR,GUJARAT",2230.00,2023-08-19
October,2020,"IOCL-PANIPAT, HARYANA",1237.00,2023-08-19
October,2020,BPCL-TOTAL,2910.00,2023-08-19
October,2020,"ONGC TOTAL",738.00,2023-08-19
February,2021,BPCL-TOTAL,3503.00,2023-08-19
March,2021,CPCL-TOTAL,964.00,2023-08-19
March,2021,"HPCL-VISAKH,ANDHRA PRADESH",867.00,2023-08-19
March,2021,"NEL-VADINAR,GUJARAT",1627.00,2023-08-19
April,2022,"IOCL-MATHURA, UTTAR PRADESH",805.13,2023-08-19
April,2022,"IOCL-BONGAIGAON,ASSAM",209.04,2023-08-19
April,2022,"IOCL-PARADIP,ODISHA",1327.97,2023-08-19
April,2022,CPCL-TOTAL,904.20,2023-08-19
April,2022,BORL-BINA,684.49,2023-08-19
April,2022,BPCL-TOTAL,3300.36,2023-08-19
April,2022,"HPCL-MUMBAI,MAHARASHTRA",731.49,2023-08-19
April,2022,"GRAND TOTAL",21579.61,2023-08-19
May,2022,"IOCL-GUWAHATI,ASSAM",93.84,2023-08-19
May,2022,"NRL-NUMALIGARH, ASSAM",275.34,2023-08-19
May,2022,"ONGC-TATIPAKA,ANDHRA PRADESH",6.78,2023-08-19
May,2022,"HPCL-MUMBAI,MAHARASHTRA",844.05,2023-08-19
June,2022,"IOCL-BARAUNI,BIHAR",559.48,2023-08-19
June,2022,"IOCL-DIGBOI,ASSAM",60.93,2023-08-19
June,2022,"HMEL-GGSR, BATHINDA, PUNJAB",1078.48,2023-08-19
June,2022,"GRAND TOTAL",21574.57,2023-08-19
July,2022,"IOCL-PANIPAT, HARYANA",1154.63,2023-08-19
July,2022,"IOCL-DIGBOI,ASSAM",62.85,2023-08-19
July,2022,"IOCL-BONGAIGAON,ASSAM",211.02,2023-08-19
April,2020,"IOCL-PANIPAT, HARYANA",457.00,2023-08-19
April,2020,"NRL-NUMALIGARH, ASSAM",170.00,2023-08-19
April,2020,BPCL-TOTAL,2086.00,2023-08-19
April,2020,"HPCL-MUMBAI,MAHARASHTRA",549.00,2023-08-19
April,2020,"HMEL-GGSR, BATHINDA, PUNJAB",593.00,2023-08-19
April,2020,HPCL-TOTAL,1917.00,2023-08-19
April,2020,"NEL-VADINAR,GUJARAT",1402.00,2023-08-19
May,2020,"IOCL-GUWAHATI,ASSAM",24.00,2023-08-19
May,2020,"MRPL-MANGALORE,KARNATAKA",566.00,2023-08-19
May,2020,"HPCL-VISAKH,ANDHRA PRADESH",743.00,2023-08-19
June,2020,"IOCL-BARAUNI,BIHAR",512.00,2023-08-19
June,2020,"IOCL-PANIPAT, HARYANA",1173.00,2023-08-19
June,2020,"IOCL-DIGBOI,ASSAM",61.00,2023-08-19
June,2020,"IOCL TOTAL",5573.00,2023-08-19
June,2020,CPCL-TOTAL,579.00,2023-08-19
June,2020,"ONGC-TATIPAKA,ANDHRA PRADESH",7.00,2023-08-19
June,2020,"MRPL-MANGALORE,KARNATAKA",627.00,2023-08-19
June,2020,"HPCL-MUMBAI,MAHARASHTRA",654.00,2023-08-19
July,2020,"IOCL-BARAUNI,BIHAR",437.00,2023-08-19
July,2020,"IOCL-KOYALI, GUJARAT",1092.00,2023-08-19
July,2020,"IOCL-HALDIA, WEST BENGAL",580.00,2023-08-19
July,2020,"IOCL-GUWAHATI,ASSAM",87.00,2023-08-19
July,2020,"IOCL-PARADIP,ODISHA",1025.00,2023-08-19
July,2020,"BPCL-MUMBAI, MAHARASHTRA",1097.00,2023-08-19
December,2021,"HPCL-VISAKH,ANDHRA PRADESH",809.00,2023-08-19
December,2021,"HMEL-GGSR, BATHINDA, PUNJAB",1118.00,2023-08-19
December,2021,"RIL,JAMNAGAR,GUJARAT",3019.00,2023-08-19
December,2021,"NEL-VADINAR,GUJARAT",1710.00,2023-08-19
January,2022,"IOCL-HALDIA, WEST BENGAL",301.00,2023-08-19
January,2022,"IOCL-BONGAIGAON,ASSAM",207.00,2023-08-19
January,2022,BPCL-TOTAL,3475.00,2023-08-19
January,2022,"ONGC TOTAL",1448.00,2023-08-19
January,2022,"HPCL-VISAKH,ANDHRA PRADESH",793.00,2023-08-19
January,2022,"RIL-(SEZ), JAMNAGAR,GUJARAT",2235.00,2023-08-19
January,2022,"GRAND TOTAL",21709.00,2023-08-19
February,2022,"IOCL-KOYALI, GUJARAT",1200.00,2023-08-19
February,2022,"IOCL-GUWAHATI,ASSAM",82.00,2023-08-19
February,2022,"IOCL-PARADIP,ODISHA",1211.00,2023-08-19
February,2022,"IOCL TOTAL",5785.00,2023-08-19
February,2022,BORL-BINA,594.00,2023-08-19
February,2022,"HMEL-GGSR, BATHINDA, PUNJAB",1010.00,2023-08-19
March,2022,"IOCL-DIGBOI,ASSAM",61.00,2023-08-19
March,2022,"IOCL-BONGAIGAON,ASSAM",248.00,2023-08-19
March,2022,"IOCL TOTAL",6636.00,2023-08-19
March,2022,"BPCL-KOCHI, KERALA",1522.00,2023-08-19
March,2022,HPCL-TOTAL,2628.00,2023-08-19
March,2022,"RIL-(SEZ), JAMNAGAR,GUJARAT",2074.00,2023-08-19
July,2020,"MRPL-MANGALORE,KARNATAKA",766.00,2023-08-19
July,2020,"ONGC TOTAL",773.00,2023-08-19
July,2020,"HMEL-GGSR, BATHINDA, PUNJAB",1035.00,2023-08-19
August,2020,"IOCL-MATHURA, UTTAR PRADESH",641.00,2023-08-19
August,2020,BORL-BINA,451.00,2023-08-19
August,2020,"MRPL-MANGALORE,KARNATAKA",905.00,2023-08-19
August,2020,"RIL-(SEZ), JAMNAGAR,GUJARAT",1369.00,2023-08-19
August,2020,"NEL-VADINAR,GUJARAT",1539.00,2023-08-19
September,2020,"IOCL-BARAUNI,BIHAR",376.00,2023-08-19
September,2020,"IOCL-HALDIA, WEST BENGAL",440.00,2023-08-19
September,2020,"IOCL-PARADIP,ODISHA",992.00,2023-08-19
September,2020,"IOCL TOTAL",4657.00,2023-08-19
September,2020,"HPCL-VISAKH,ANDHRA PRADESH",728.00,2023-08-19
October,2020,"IOCL-BARAUNI,BIHAR",435.00,2023-08-19
October,2020,"IOCL-MATHURA, UTTAR PRADESH",709.00,2023-08-19
October,2020,"IOCL-GUWAHATI,ASSAM",84.00,2023-08-19
October,2020,"IOCL-DIGBOI,ASSAM",61.00,2023-08-19
October,2020,"BPCL-MUMBAI, MAHARASHTRA",1051.00,2023-08-19
October,2020,"BPCL-KOCHI, KERALA",1066.00,2023-08-19
October,2020,"MRPL-MANGALORE,KARNATAKA",731.00,2023-08-19
October,2020,HPCL-TOTAL,2327.00,2023-08-19
September,2021,"IOCL TOTAL",4705.00,2023-08-19
September,2021,"ONGC-TATIPAKA,ANDHRA PRADESH",7.00,2023-08-19
September,2021,"ONGC TOTAL",994.00,2023-08-19
September,2021,"HPCL-VISAKH,ANDHRA PRADESH",546.00,2023-08-19
September,2021,"RIL-(SEZ), JAMNAGAR,GUJARAT",2361.00,2023-08-19
September,2021,"RIL TOTAL",5203.00,2023-08-19
October,2021,"BPCL-KOCHI, KERALA",1444.00,2023-08-19
October,2021,"HMEL-GGSR, BATHINDA, PUNJAB",1113.00,2023-08-19
October,2021,HPCL-TOTAL,2501.00,2023-08-19
October,2021,"RIL,JAMNAGAR,GUJARAT",3110.00,2023-08-19
October,2021,"GRAND TOTAL",20958.00,2023-08-19
November,2021,"IOCL-BARAUNI,BIHAR",479.00,2023-08-19
November,2021,"IOCL-KOYALI, GUJARAT",1123.00,2023-08-19
November,2021,CPCL-TOTAL,816.00,2023-08-19
November,2021,BORL-BINA,684.00,2023-08-19
November,2021,"NRL-NUMALIGARH, ASSAM",223.00,2023-08-19
November,2021,"ONGC TOTAL",1475.00,2023-08-19
November,2021,HPCL-TOTAL,2445.00,2023-08-19
November,2021,"RIL-(SEZ), JAMNAGAR,GUJARAT",2451.00,2023-08-19
December,2021,"IOCL-MATHURA, UTTAR PRADESH",766.00,2023-08-19
December,2021,"IOCL-DIGBOI,ASSAM",62.00,2023-08-19
December,2021,"ONGC TOTAL",1441.00,2023-08-19
May,2021,"RIL,JAMNAGAR,GUJARAT",2837.00,2023-08-19
May,2021,"NEL-VADINAR,GUJARAT",1692.00,2023-08-19
June,2021,"BPCL-MUMBAI, MAHARASHTRA",1029.00,2023-08-19
June,2021,"BPCL-KOCHI, KERALA",1016.00,2023-08-19
June,2021,"HPCL-MUMBAI,MAHARASHTRA",304.00,2023-08-19
June,2021,HPCL-TOTAL,1848.00,2023-08-19
June,2021,"RIL-(SEZ), JAMNAGAR,GUJARAT",2530.00,2023-08-19
July,2021,BORL-BINA,623.00,2023-08-19
July,2021,"ONGC TOTAL",1108.00,2023-08-19
July,2021,"HMEL-GGSR, BATHINDA, PUNJAB",1098.00,2023-08-19
July,2021,"NEL-VADINAR,GUJARAT",1677.00,2023-08-19
August,2021,"IOCL-BONGAIGAON,ASSAM",233.00,2023-08-19
August,2021,"MRPL-MANGALORE,KARNATAKA",1007.00,2023-08-19
August,2021,"ONGC TOTAL",1013.00,2023-08-19
August,2021,"HMEL-GGSR, BATHINDA, PUNJAB",1112.00,2023-08-19
August,2021,HPCL-TOTAL,1890.00,2023-08-19
September,2021,"IOCL-BARAUNI,BIHAR",56.00,2023-08-19
September,2021,"IOCL-PANIPAT, HARYANA",1086.00,2023-08-19
September,2021,"IOCL-GUWAHATI,ASSAM",77.00,2023-08-19
July,2022,BORL-BINA,586.53,2023-08-19
July,2022,"NRL-NUMALIGARH, ASSAM",261.07,2023-08-19
July,2022,"ONGC TOTAL",1433.34,2023-08-19
July,2022,"HPCL-VISAKH,ANDHRA PRADESH",683.83,2023-08-19
July,2022,"HMEL-GGSR, BATHINDA, PUNJAB",1109.49,2023-08-19
July,2022,"RIL,JAMNAGAR,GUJARAT",2932.96,2023-08-19
July,2022,"RIL-(SEZ), JAMNAGAR,GUJARAT",2549.47,2023-08-19
August,2022,"IOCL-BARAUNI,BIHAR",590.38,2023-08-19
August,2022,"IOCL-PANIPAT, HARYANA",1207.09,2023-08-19
August,2022,"BPCL-KOCHI, KERALA",1377.33,2023-08-19
August,2022,BPCL-TOTAL,3036.17,2023-08-19
September,2022,"IOCL-MATHURA, UTTAR PRADESH",767.41,2023-08-19
September,2022,"IOCL-DIGBOI,ASSAM",44.35,2023-08-19
September,2022,"IOCL-BONGAIGAON,ASSAM",244.44,2023-08-19
September,2022,HPCL-TOTAL,2533.10,2023-08-19
September,2022,"GRAND TOTAL",19549.92,2023-08-19
October,2022,"IOCL-MATHURA, UTTAR PRADESH",794.59,2023-08-19
October,2022,"BPCL-MUMBAI, MAHARASHTRA",1306.88,2023-08-19
November,2022,"IOCL-PANIPAT, HARYANA",699.93,2023-08-19
November,2022,"IOCL-DIGBOI,ASSAM",59.69,2023-08-19
November,2022,CPCL-TOTAL,921.00,2023-08-19
November,2022,"MRPL-MANGALORE,KARNATAKA",1461.60,2023-08-19
November,2022,"HMEL-GGSR, BATHINDA, PUNJAB",978.05,2023-08-19
November,2022,"RIL,JAMNAGAR,GUJARAT",2555.92,2023-08-19
December,2022,"IOCL-BARAUNI,BIHAR",529.96,2023-08-19
December,2022,"IOCL-BONGAIGAON,ASSAM",251.22,2023-08-19
December,2022,"NRL-NUMALIGARH, ASSAM",271.76,2023-08-19
December,2022,"HPCL-MUMBAI,MAHARASHTRA",850.56,2023-08-19
December,2022,"HMEL-GGSR, BATHINDA, PUNJAB",1116.44,2023-08-19
January,2023,"IOCL-BONGAIGAON,ASSAM",253.07,2023-08-19
January,2023,"BPCL-MUMBAI, MAHARASHTRA",1390.21,2023-08-19
January,2023,"BPCL-KOCHI, KERALA",1533.08,2023-08-19
January,2023,"HPCL-VISAKH,ANDHRA PRADESH",823.65,2023-08-19
January,2023,HPCL-TOTAL,2777.96,2023-08-19
February,2023,"IOCL-PANIPAT, HARYANA",1208.35,2023-08-19
February,2023,"ONGC TOTAL",1399.11,2023-08-19
February,2023,"HMEL-GGSR, BATHINDA, PUNJAB",1008.02,2023-08-19
March,2023,BPCL-TOTAL,3636.00,2023-08-19
March,2023,"HPCL-VISAKH,ANDHRA PRADESH",874.03,2023-08-19
March,2023,"NEL-VADINAR,GUJARAT",1707.40,2023-08-19
April,2021,"IOCL-KOYALI, GUJARAT",998.00,2023-08-19
April,2021,"IOCL-BONGAIGAON,ASSAM",225.00,2023-08-19
April,2021,"ONGC-TATIPAKA,ANDHRA PRADESH",7.00,2023-08-19
May,2021,"IOCL-HALDIA, WEST BENGAL",624.00,2023-08-19
May,2021,"IOCL-MATHURA, UTTAR PRADESH",692.00,2023-08-19
May,2021,"HPCL-VISAKH,ANDHRA PRADESH",737.00,2023-08-19
November,2020,"IOCL-HALDIA, WEST BENGAL",680.00,2023-08-19
November,2020,"IOCL-GUWAHATI,ASSAM",83.00,2023-08-19
November,2020,"IOCL-DIGBOI,ASSAM",59.00,2023-08-19
November,2020,"IOCL-BONGAIGAON,ASSAM",206.00,2023-08-19
November,2020,"BPCL-KOCHI, KERALA",1337.00,2023-08-19
November,2020,"ONGC-TATIPAKA,ANDHRA PRADESH",7.00,2023-08-19
November,2020,"RIL-(SEZ), JAMNAGAR,GUJARAT",2611.00,2023-08-19
November,2020,"NEL-VADINAR,GUJARAT",1476.00,2023-08-19
December,2020,"IOCL-MATHURA, UTTAR PRADESH",871.00,2023-08-19
December,2020,"IOCL-GUWAHATI,ASSAM",84.00,2023-08-19
December,2020,"MRPL-MANGALORE,KARNATAKA",1307.00,2023-08-19
January,2021,"IOCL-GUWAHATI,ASSAM",90.00,2023-08-19
January,2021,CPCL-TOTAL,917.00,2023-08-19
January,2021,"NRL-NUMALIGARH, ASSAM",249.00,2023-08-19
January,2021,"RIL-(SEZ), JAMNAGAR,GUJARAT",2648.00,2023-08-19
February,2021,"IOCL-PANIPAT, HARYANA",1047.00,2023-08-19
February,2021,BORL-BINA,601.00,2023-08-19
February,2021,"HPCL-MUMBAI,MAHARASHTRA",642.00,2023-08-19
February,2021,"RIL-(SEZ), JAMNAGAR,GUJARAT",2212.00,2023-08-19
February,2021,"RIL TOTAL",4876.00,2023-08-19
February,2021,"NEL-VADINAR,GUJARAT",1397.00,2023-08-19
March,2021,"IOCL TOTAL",5927.00,2023-08-19
March,2021,"HMEL-GGSR, BATHINDA, PUNJAB",1025.00,2023-08-19
June,2021,"IOCL-DIGBOI,ASSAM",59.00,2023-08-19
June,2021,"IOCL-BONGAIGAON,ASSAM",233.00,2023-08-19
June,2021,"IOCL-PARADIP,ODISHA",1034.00,2023-08-19
June,2021,CPCL-TOTAL,646.00,2023-08-19
June,2021,BPCL-TOTAL,2471.00,2023-08-19
June,2021,"ONGC TOTAL",1015.00,2023-08-19
June,2021,"HPCL-VISAKH,ANDHRA PRADESH",481.00,2023-08-19
July,2021,"IOCL-KOYALI, GUJARAT",1102.00,2023-08-19
July,2021,"IOCL-HALDIA, WEST BENGAL",644.00,2023-08-19
July,2021,"IOCL-PANIPAT, HARYANA",1343.00,2023-08-19
July,2021,"HPCL-VISAKH,ANDHRA PRADESH",480.00,2023-08-19
July,2021,"RIL,JAMNAGAR,GUJARAT",2743.00,2023-08-19
July,2021,"RIL-(SEZ), JAMNAGAR,GUJARAT",2284.00,2023-08-19
July,2021,"RIL TOTAL",5027.00,2023-08-19
August,2021,"IOCL-BARAUNI,BIHAR",296.00,2023-08-19
August,2021,"IOCL-HALDIA, WEST BENGAL",709.00,2023-08-19
August,2021,"IOCL-MATHURA, UTTAR PRADESH",643.00,2023-08-19
August,2021,"IOCL-PANIPAT, HARYANA",1150.00,2023-08-19
August,2021,"IOCL-DIGBOI,ASSAM",56.00,2023-08-19
August,2021,"BPCL-KOCHI, KERALA",1087.00,2023-08-19
August,2021,"RIL,JAMNAGAR,GUJARAT",2873.00,2023-08-19
August,2021,"RIL-(SEZ), JAMNAGAR,GUJARAT",2237.00,2023-08-19
September,2021,"IOCL-KOYALI, GUJARAT",1005.00,2023-08-19
July,2020,"ONGC-TATIPAKA,ANDHRA PRADESH",7.00,2023-08-19
July,2020,"HPCL-MUMBAI,MAHARASHTRA",637.00,2023-08-19
July,2020,"HPCL-VISAKH,ANDHRA PRADESH",718.00,2023-08-19
July,2020,HPCL-TOTAL,2390.00,2023-08-19
July,2020,"RIL,JAMNAGAR,GUJARAT",2830.00,2023-08-19
August,2020,"IOCL-BARAUNI,BIHAR",318.00,2023-08-19
August,2020,"IOCL-GUWAHATI,ASSAM",89.00,2023-08-19
August,2020,"IOCL-PARADIP,ODISHA",266.00,2023-08-19
August,2020,"BPCL-KOCHI, KERALA",936.00,2023-08-19
September,2020,"IOCL-PANIPAT, HARYANA",1025.00,2023-08-19
September,2020,"BPCL-MUMBAI, MAHARASHTRA",909.00,2023-08-19
September,2020,BORL-BINA,489.00,2023-08-19
September,2020,"NRL-NUMALIGARH, ASSAM",198.00,2023-08-19
September,2020,"HMEL-GGSR, BATHINDA, PUNJAB",1016.00,2023-08-19
September,2020,"RIL TOTAL",5009.00,2023-08-19
September,2020,"NEL-VADINAR,GUJARAT",1460.00,2023-08-19
October,2020,"ONGC-TATIPAKA,ANDHRA PRADESH",7.00,2023-08-19
October,2020,"HPCL-MUMBAI,MAHARASHTRA",496.00,2023-08-19
October,2020,"HPCL-VISAKH,ANDHRA PRADESH",793.00,2023-08-19
October,2020,"RIL,JAMNAGAR,GUJARAT",3023.00,2023-08-19
October,2020,"RIL TOTAL",5464.00,2023-08-19
September,2021,"BPCL-KOCHI, KERALA",1338.00,2023-08-19
September,2021,BPCL-TOTAL,2874.00,2023-08-19
September,2021,"HPCL-MUMBAI,MAHARASHTRA",411.00,2023-08-19
September,2021,HPCL-TOTAL,2037.00,2023-08-19
September,2021,"RIL,JAMNAGAR,GUJARAT",2841.00,2023-08-19
October,2021,"IOCL-MATHURA, UTTAR PRADESH",854.00,2023-08-19
October,2021,"IOCL-GUWAHATI,ASSAM",93.00,2023-08-19
October,2021,"NRL-NUMALIGARH, ASSAM",254.00,2023-08-19
October,2021,"HPCL-VISAKH,ANDHRA PRADESH",853.00,2023-08-19
November,2021,"IOCL-GUWAHATI,ASSAM",83.00,2023-08-19
November,2021,BPCL-TOTAL,3407.00,2023-08-19
November,2021,"HMEL-GGSR, BATHINDA, PUNJAB",1080.00,2023-08-19
November,2021,"RIL,JAMNAGAR,GUJARAT",2997.00,2023-08-19
November,2021,"NEL-VADINAR,GUJARAT",1688.00,2023-08-19
November,2021,"GRAND TOTAL",21483.00,2023-08-19
December,2021,"IOCL-KOYALI, GUJARAT",1293.00,2023-08-19
December,2021,"IOCL-GUWAHATI,ASSAM",84.00,2023-08-19
December,2021,"IOCL-BONGAIGAON,ASSAM",206.00,2023-08-19
December,2021,CPCL-TOTAL,840.00,2023-08-19
December,2021,"NRL-NUMALIGARH, ASSAM",137.00,2023-08-19
December,2021,"ONGC-TATIPAKA,ANDHRA PRADESH",7.00,2023-08-19
July,2022,"ONGC-TATIPAKA,ANDHRA PRADESH",4.98,2023-08-19
July,2022,"HPCL-MUMBAI,MAHARASHTRA",876.49,2023-08-19
August,2022,"ONGC-TATIPAKA,ANDHRA PRADESH",3.93,2023-08-19
August,2022,"MRPL-MANGALORE,KARNATAKA",1182.21,2023-08-19
August,2022,"ONGC TOTAL",1186.14,2023-08-19
August,2022,"HPCL-MUMBAI,MAHARASHTRA",766.90,2023-08-19
August,2022,"RIL,JAMNAGAR,GUJARAT",3029.94,2023-08-19
August,2022,"RIL-(SEZ), JAMNAGAR,GUJARAT",2146.64,2023-08-19
August,2022,"NEL-VADINAR,GUJARAT",1750.80,2023-08-19
September,2022,"IOCL-KOYALI, GUJARAT",1270.87,2023-08-19
September,2022,"IOCL-HALDIA, WEST BENGAL",701.74,2023-08-19
September,2022,BPCL-TOTAL,3067.65,2023-08-19
September,2022,"ONGC TOTAL",1336.44,2023-08-19
September,2022,"HPCL-VISAKH,ANDHRA PRADESH",814.04,2023-08-19
September,2022,"NEL-VADINAR,GUJARAT",1692.16,2023-08-19
October,2022,"IOCL-BONGAIGAON,ASSAM",254.15,2023-08-19
October,2022,"IOCL-PARADIP,ODISHA",1239.11,2023-08-19
October,2022,BPCL-TOTAL,2593.06,2023-08-19
October,2022,"NRL-NUMALIGARH, ASSAM",279.61,2023-08-19
April,2022,"IOCL-KOYALI, GUJARAT",1317.97,2023-08-19
April,2022,"IOCL-HALDIA, WEST BENGAL",706.39,2023-08-19
April,2022,"IOCL-GUWAHATI,ASSAM",89.86,2023-08-19
April,2022,"IOCL TOTAL",6237.26,2023-08-19
April,2022,"BPCL-KOCHI, KERALA",1314.11,2023-08-19
April,2022,"NRL-NUMALIGARH, ASSAM",270.72,2023-08-19
April,2022,"ONGC TOTAL",1487.02,2023-08-19
April,2022,"RIL,JAMNAGAR,GUJARAT",3034.27,2023-08-19
May,2022,"IOCL-MATHURA, UTTAR PRADESH",812.96,2023-08-19
May,2022,"IOCL-PANIPAT, HARYANA",1252.50,2023-08-19
May,2022,"IOCL-PARADIP,ODISHA",1362.51,2023-08-19
May,2022,BORL-BINA,675.73,2023-08-19
May,2022,BPCL-TOTAL,3364.13,2023-08-19
June,2022,"IOCL-HALDIA, WEST BENGAL",678.74,2023-08-19
June,2022,"ONGC-TATIPAKA,ANDHRA PRADESH",6.72,2023-08-19
June,2022,"RIL-(SEZ), JAMNAGAR,GUJARAT",2408.11,2023-08-19
July,2022,"IOCL-BARAUNI,BIHAR",558.62,2023-08-19
October,2022,"NEL-VADINAR,GUJARAT",1716.96,2023-08-19
November,2022,"IOCL-KOYALI, GUJARAT",1254.26,2023-08-19
November,2022,"IOCL-HALDIA, WEST BENGAL",708.10,2023-08-19
November,2022,"BPCL-MUMBAI, MAHARASHTRA",1216.45,2023-08-19
November,2022,"BPCL-KOCHI, KERALA",1380.82,2023-08-19
November,2022,"NEL-VADINAR,GUJARAT",25.55,2023-08-19
November,2022,"GRAND TOTAL",19580.02,2023-08-19
December,2022,"IOCL-MATHURA, UTTAR PRADESH",879.89,2023-08-19
December,2022,"IOCL-PANIPAT, HARYANA",890.41,2023-08-19
December,2022,"ONGC-TATIPAKA,ANDHRA PRADESH",6.46,2023-08-19
December,2022,"RIL TOTAL",5307.90,2023-08-19
December,2022,"GRAND TOTAL",22272.56,2023-08-19
January,2023,"IOCL-KOYALI, GUJARAT",1259.75,2023-08-19
January,2023,"IOCL-MATHURA, UTTAR PRADESH",805.76,2023-08-19
January,2023,"IOCL-DIGBOI,ASSAM",62.73,2023-08-19
January,2023,CPCL-TOTAL,990.30,2023-08-19
January,2023,"NRL-NUMALIGARH, ASSAM",284.05,2023-08-19
January,2023,"ONGC-TATIPAKA,ANDHRA PRADESH",6.57,2023-08-19
February,2023,BORL-BINA,657.05,2023-08-19
February,2023,"HPCL-MUMBAI,MAHARASHTRA",803.65,2023-08-19
February,2023,"RIL,JAMNAGAR,GUJARAT",2575.91,2023-08-19
March,2023,"IOCL-KOYALI, GUJARAT",1346.06,2023-08-19
March,2023,"IOCL-PARADIP,ODISHA",1418.04,2023-08-19
March,2023,"BPCL-MUMBAI, MAHARASHTRA",1358.27,2023-08-19
March,2023,"HMEL-GGSR, BATHINDA, PUNJAB",1110.38,2023-08-19
April,2021,"IOCL-DIGBOI,ASSAM",56.00,2023-08-19
April,2021,BORL-BINA,648.00,2023-08-19
May,2021,CPCL-TOTAL,629.00,2023-08-19
May,2021,"BPCL-MUMBAI, MAHARASHTRA",1172.00,2023-08-19
May,2021,"BPCL-KOCHI, KERALA",910.00,2023-08-19
May,2021,BPCL-TOTAL,2601.00,2023-08-19
May,2021,"NRL-NUMALIGARH, ASSAM",226.00,2023-08-19
May,2021,"MRPL-MANGALORE,KARNATAKA",961.00,2023-08-19
May,2021,"ONGC TOTAL",968.00,2023-08-19
December,2021,HPCL-TOTAL,2601.00,2023-08-19
December,2021,"RIL-(SEZ), JAMNAGAR,GUJARAT",2510.00,2023-08-19
January,2022,"IOCL-BARAUNI,BIHAR",619.00,2023-08-19
January,2022,"IOCL TOTAL",5844.00,2023-08-19
January,2022,CPCL-TOTAL,915.00,2023-08-19
January,2022,"NRL-NUMALIGARH, ASSAM",272.00,2023-08-19
January,2022,"ONGC-TATIPAKA,ANDHRA PRADESH",7.00,2023-08-19
January,2022,"HMEL-GGSR, BATHINDA, PUNJAB",1100.00,2023-08-19
February,2022,HPCL-TOTAL,2519.00,2023-08-19
February,2022,"GRAND TOTAL",20443.00,2023-08-19
March,2022,"IOCL-BARAUNI,BIHAR",596.00,2023-08-19
March,2022,BPCL-TOTAL,3493.00,2023-08-19
March,2022,"HPCL-MUMBAI,MAHARASHTRA",711.00,2023-08-19
April,2020,"IOCL-BARAUNI,BIHAR",247.00,2023-08-19
April,2020,"IOCL-MATHURA, UTTAR PRADESH",506.00,2023-08-19
April,2020,"IOCL-DIGBOI,ASSAM",54.00,2023-08-19
April,2020,"IOCL-BONGAIGAON,ASSAM",174.00,2023-08-19
April,2020,"MRPL-MANGALORE,KARNATAKA",671.00,2023-08-19
April,2020,"HPCL-VISAKH,ANDHRA PRADESH",774.00,2023-08-19
April,2020,"RIL,JAMNAGAR,GUJARAT",2792.00,2023-08-19
April,2020,"GRAND TOTAL",14745.00,2023-08-19
May,2020,"IOCL-HALDIA, WEST BENGAL",319.00,2023-08-19
May,2020,CPCL-TOTAL,441.00,2023-08-19
May,2020,BORL-BINA,440.00,2023-08-19
June,2020,BORL-BINA,387.00,2023-08-19
June,2020,"ONGC TOTAL",634.00,2023-08-19
June,2020,"HMEL-GGSR, BATHINDA, PUNJAB",785.00,2023-08-19
July,2020,"IOCL-BONGAIGAON,ASSAM",222.00,2023-08-19
July,2020,CPCL-TOTAL,724.00,2023-08-19
July,2020,"BPCL-KOCHI, KERALA",844.00,2023-08-19
November,2020,BPCL-TOTAL,3409.00,2023-08-19
November,2020,"HPCL-MUMBAI,MAHARASHTRA",612.00,2023-08-19
November,2020,"HPCL-VISAKH,ANDHRA PRADESH",808.00,2023-08-19
November,2020,"GRAND TOTAL",20782.00,2023-08-19
December,2020,"IOCL-BARAUNI,BIHAR",553.00,2023-08-19
December,2020,"IOCL-KOYALI, GUJARAT",1173.00,2023-08-19
December,2020,"IOCL-HALDIA, WEST BENGAL",709.00,2023-08-19
December,2020,"IOCL-PARADIP,ODISHA",977.00,2023-08-19
December,2020,"BPCL-MUMBAI, MAHARASHTRA",1200.00,2023-08-19
December,2020,"ONGC-TATIPAKA,ANDHRA PRADESH",7.00,2023-08-19
December,2020,"HPCL-MUMBAI,MAHARASHTRA",578.00,2023-08-19
December,2020,"HPCL-VISAKH,ANDHRA PRADESH",707.00,2023-08-19
December,2020,"NEL-VADINAR,GUJARAT",1544.00,2023-08-19
January,2021,"IOCL-KOYALI, GUJARAT",1187.00,2023-08-19
January,2021,"IOCL-HALDIA, WEST BENGAL",723.00,2023-08-19
January,2021,"IOCL-DIGBOI,ASSAM",58.00,2023-08-19
January,2021,"IOCL-BONGAIGAON,ASSAM",211.00,2023-08-19
January,2021,"IOCL TOTAL",6278.00,2023-08-19
January,2021,BORL-BINA,694.00,2023-08-19
January,2021,"RIL TOTAL",5564.00,2023-08-19
February,2021,"IOCL-BONGAIGAON,ASSAM",196.00,2023-08-19
February,2021,"IOCL-PARADIP,ODISHA",1164.00,2023-08-19
February,2021,"BPCL-KOCHI, KERALA",1410.00,2023-08-19
February,2021,"ONGC-TATIPAKA,ANDHRA PRADESH",7.00,2023-08-19
February,2021,"MRPL-MANGALORE,KARNATAKA",1297.00,2023-08-19
February,2021,"RIL,JAMNAGAR,GUJARAT",2664.00,2023-08-19
March,2021,"IOCL-HALDIA, WEST BENGAL",665.00,2023-08-19
March,2021,"IOCL-MATHURA, UTTAR PRADESH",853.00,2023-08-19
March,2021,"IOCL-GUWAHATI,ASSAM",89.00,2023-08-19
March,2021,"IOCL-PARADIP,ODISHA",1362.00,2023-08-19
March,2021,"MRPL-MANGALORE,KARNATAKA",1361.00,2023-08-19
March,2021,"HPCL-MUMBAI,MAHARASHTRA",715.00,2023-08-19
March,2021,HPCL-TOTAL,2606.00,2023-08-19
March,2021,"GRAND TOTAL",20985.00,2023-08-19
